{
    "Base Model": {
        "accuracy": 0.9220183486238532,
        "f1": 0.92195923180593,
        "precision": 0.9222503160556258,
        "recall": 0.9218236928517303
    },
    "Frankenmodel": {
        "accuracy": 0.8853211009174312,
        "f1": 0.8851464909091866,
        "precision": 0.8861471861471861,
        "recall": 0.884903595183969
    }
}